town_number,town
967,ABU JUWEI'ID             
472,ABU GHOSH                
473,ABU SINAN                
935,ABU SUREIHAN             
958,ABU  ABDUN               
1042,ABU  AMMAR               
932,ABU  AMRE                
968,ABU QUREINAT             
1342,ABU QUREINAT             
966,ABU RUBEI'A              
961,ABU RUQAYYEQ             
1375,ABU TULUL                
652,IBTIN                    
1275,AVTALYON                 
679,AVI'EL                   
1115,AVIVIM                   
819,AVIGEDOR                 
175,AVIHAYIL                 
2052,AVITAL                   
1070,AVI'EZER                 
1220,ABBIRIM                  
182,EVEN YEHUDA              
1081,EVEN MENAHEM             
783,EVEN SAPPIR              
400,EVEN SHEMU'EL            
4011,AVNE ETAN                
3793,AVNE HEFEZ               
3786,AVENAT                   
1311,AVSHALOM                 
3759,ADORA                    
113,ADDIRIM                  
1068,ADAMIT                   
1123,ADDERET                  
446,UDIM                     
4010,ODEM                     
1046,OHAD                     
2710,UMM AL-FAHM              
2024,UMM AL-QUTUF             
1358,                         
1108,OMEN                     
680,OMEZ                     
31,OFAQIM                   
1294,OR HAGANUZ               
67,OR HANER                 
2400,OR YEHUDA                
1020,OR AQIVA                 
780,ORA                      
2012,OROT                     
4013,ORTAL                    
403,URIM                     
882,ORANIM                   
3760,ORANIT                   
278,USHA                     
565,AZOR                     
1157,AHAWA                    
821,AHUZZAM                  
1330,                         
785,AHIHUD                   
850,AHITUV                   
804,AHISAMAKH                
797,AHI'EZER                 
965,ATRASH                   
338,IBBIM                    
716,EYAL                     
77,AYYELET HASHAHAR         
294,ELON                     
1126,ELOT                     
49,ILANIYYA                 
2600,ELAT                     
1336,IRUS                     
3762,ITAMAR                   
37,ETAN                     
886,ETANIM                   
478,IKSAL                    
1359,                         
1339,                         
1316,AL-ARYAN                 
4003,EL-ROM                   
1145,ALUMMA                   
330,ALUMMOT                  
1182,ALLON HAGALIL            
3579,ELON MORE                
3604,ALLON SHEVUT             
429,ALLONE ABBA              
4017,ALLONE HABASHAN          
868,ALLONE YIZHAQ            
285,ALLONIM                  
4002,ELI AL                   
1365,ELIAV                    
41,ELYAKHIN                 
1248,ELIFAZ                   
730,ELIFELET                 
682,ELYAQIM                  
204,ELYASHIV                 
841,ELISHAMA                 
1125,ALMAGOR                  
3556,ALMOG                    
1309,                         
3618,EL'AZAR                  
3750,ALFE MENASHE             
603,ELQOSH                   
3560,ELQANA                   
772,EMUNIM                   
1064,AMIRIM                   
1253,AMNUN                    
23,AMAZYA                   
4012,ANI'AM                   
960,ASAD                     
3754,ASEFAR                   
529,I'BILLIN                 
963,A'SAM                    
959,AFEINISH                 
4301,AFIQ                     
176,AFIQIM                   
313,AFEQ                     
3650,EFRAT                    
701,ARBEL                    
3598,ARGAMAN                  
714,EREZ                     
3570,ARI'EL                   
1324,ARSUF                    
71,ESHBOL                   
1276,NAHAL ESHBAL             
70,ASHDOD                   
199,ASHDOT YA'AQOV(IHUD)     
188,ASHDOT YA'AQOV(ME'UH     
1188,ESHHAR                   
3722,ESHKOLOT                 
2021,ESHEL HANASI             
1152,ASHALIM                  
7100,ASHQELON                 
1256,ASHERAT                  
740,ESHTA'OL                 
1298,ETGAR                    
6000,                         
21,BE'ER ORA                
1376,BEER GANNIM              
155,BE'ER TUVEYA             
2530,BE'ER YA'AQOV            
1278,                         
9000,BE'ER SHEVA              
450,BE'EROT YIZHAQ           
697,BE'EROTAYIM              
399,BE'ERI                   
559,BUSTAN HAGALIL           
482,BU'EINE-NUJEIDAT         
4001,BUQ'ATA                  
698,BURGETA                  
2043,BAHAN                    
762,BITHA                    
234,BIZZARON                 
998,BIR EL-MAKSUR            
1348,                         
368,BIRIYYA                  
317,BET OREN                 
3574,BET EL                   
562,BET EL'AZARI             
95,BET ALFA                 
3652,BET ARYE                 
1076,BET BERL                 
480,BEIT JANN                
619,BET GUVRIN               
571,BET GAMLI'EL             
466,BET DAGAN                
723,BET HAGADDI              
373,BET HALEVI               
322,BET HILLEL               
572,BET HAEMEQ               
3645,BET HAARAVA              
242,BET HASHITTA             
353,BET ZEID                 
710,BET ZAYIT                
143,BET ZERA                 
3575,BET HORON                
877,BET HERUT                
2033,BET HILQIYYA             
159,BET HANAN                
800,BET HANANYA              
1050,BET HASHMONAY            
288,BET YEHOSHUA             
265,BET YOSEF                
200,BET YANNAY               
326,BET YIZHAQ-SH. HEFER     
430,BET LEHEM HAGELILIT      
751,BET ME'IR                
784,BET NEHEMYA              
16,BET NIR                  
672,BET NEQOFA               
202,BET OVED                 
301,BET UZZI'EL              
756,BET EZRA                 
604,BET ARIF                 
212,BET ZEVI                 
598,BET QAMA                 
365,BET QESHET               
848,BET RABBAN               
1162,BET RIMMON               
9200,BET SHE'AN               
2610,BET SHEMESH              
248,BET SHE'ARIM             
747,BET SHIQMA               
252,BITAN AHARON             
3780,BETAR ILLIT              
94,BALFURIYYA               
760,BEN ZAKKAY               
712,BEN AMMI                 
1084,BEN SHEMEN(K.NO'AR)      
2013,BEN SHEMEN (MOSHAV)      
6100,BENE BERAQ               
1368,BNE DKALIM               
592,BENE DAROM               
386,BENE DEROR               
4015,BENE YEHUDA              
1363,BENE NEZARIM             
448,BENE ATAROT              
1066,BENE AYISH               
418,BENE ZIYYON              
588,BENE RE'EM               
685,BENAYA                   
9800,BINYAMINA                
1326,BASMA                    
944,BASMAT TAB'UN            
483,BI NE                    
389,BAZRA                    
589,BEZET                    
864,BEQOA                    
3612,BEQA'OT                  
823,BAR GIYYORA              
1191,BAR YOHAY                
3744,BRUKHIN                  
428,BEROR HAYIL              
2060,BEROSH                   
3710,BERAKHA                  
746,BEREKHYA                 
667,BAR'AM                   
141,BARAQ                    
617,BARQAY                   
3654,BARQAN                   
2038,BAREQET                  
1323,BAT HADAR                
1361,BAT HEN                  
1319,BAT HEFER                
1401,BAT HAZOR                
6200,BAT YAM                  
3794,BAT AYIN                 
33,BAT SHELOMO              
1292,JUDEIDE-MAKER            
485,JULIS                    
627,JALJULYE                 
976,JUNNABIB                 
541,JISR AZ-ZARQA            
487,JISH(GUSH HALAV)         
628,JAAT                     
872,GE'ULE TEMAN             
379,GE'ULIM                  
853,GE'ALYA                  
352,GEVULOT                  
424,GEVIM                    
86,GEVA                     
3763,GEVA BINYAMIN            
683,GEVA  KARMEL             
2014,GIV'OLIM                 
3644,GIV'ON HAHADASHA         
1344,                         
1293,GIV'AT AVNI              
1288,GIV'AT ELA               
147,GIV'AT BRENNER           
870,GIV'AT HASHELOSHA        
3730,GIV'AT ZE'EV             
207,GIV'AT HEN               
2018,GIV'AT HAYYIM (IHUD)     
173,GIV'AT HAYYIM(ME'UHA     
4021,GIV'AT YO'AV             
787,GIV'AT YE'ARIM           
919,GIV'AT YESHA'YAHU        
802,GIV'AT KOAH              
360,GIV'AT NILI              
703,GIV'AT OZ                
681,GIV'AT SHEMU'EL          
566,GIV'AT SHEMESH           
1077,GIV'AT SHAPPIRA          
793,GIV'ATI                  
6300,GIV'ATAYIM               
342,GEVAR'AM                 
133,GEVAT                    
35,GADOT                    
145,GADISH                   
442,GID'ONA                  
2550,GEDERA                   
852,GONEN                    
755,GOREN                    
1219,GORNOT HAGALIL           
457,GAZIT                    
370,GEZER                    
706,GE'A                     
196,GIBBETON                 
1043,GIZO                     
1204,GILON                    
736,GILAT                    
262,GINNOSAR                 
92,GINNEGAR                 
863,GINNATON                 
1206,GITTA                    
3613,GITTIT                   
393,GAL'ON                   
3606,GILGAL                   
346,GELIL YAM                
369,EVEN YIZHAQ(GAL'ED)      
745,GIMZO                    
1072,GAN HADAROM              
225,GAN HASHOMERON           
239,GAN HAYYIM               
734,GAN YOSHIYYA             
166,GAN YAVNE                
1274,GAN NER                  
311,GAN SOREQ                
144,GAN SHELOMO              
72,GAN SHEMU'EL             
836,GANNOT                   
549,GANNOT HADAR             
1103,GANNE HADAR              
1371,                         
862,GANNE YOHANAN            
3823,GANNE MODIIN             
218,GANNE AM                 
229,GANNE TIQWA              
842,GA'ASH                   
463,GA'TON                   
39,GEFEN                    
1129,GEROFIT                  
4022,GESHUR                   
305,GESHER                   
574,GESHER HAZIW             
340,GAT(QIBBUZ)              
128,GAT RIMMON               
494,DALIYAT AL-KARMEL        
146,DEVORA                   
489,DABBURYE                 
849,DEVIRA                   
407,DAVERAT                  
62,DEGANYA ALEF             
79,DEGANYA BET              
1067,DOVEV                    
3747,DOLEV                    
738,DOR                      
336,DOROT                    
475,DAHI                     
490,DEIR AL-ASAD             
492,DEIR HANNA               
493,DEIR RAFAT               
2200,DIMONA                   
2063,DISHON                   
300,DALIYYA                  
431,DALTON                   
1317,DEMEIDE                  
303,DAN                      
302,DAFNA                    
1241,DEQEL                    
1349,                         
702,HAON                     
675,HABONIM                  
356,HAGOSHERIM               
191,HADAR AM                 
9700,HOD HASHARON             
726,HODIYYA                  
1322,HODAYOT                  
1169,HAWASHLA                 
956,HUZAYYEL                 
1186,HOSHA'AYA                
250,HAZOREA                  
307,HAZORE'IM                
434,HAHOTERIM                
684,HAYOGEV                  
1208,HILLA                    
377,HAMA'PIL                 
677,HASOLELIM                
423,HAOGEN                   
3769,HAR ADAR                 
3603,HAR GILLO                
1261,HAR AMASA                
464,HAR'EL                   
1249,HARDUF                   
6400,HERZELIYYA               
1203,HARARIT                  
3639,WERED YERIHO             
1133,WARDON                   
2742,ZABARGA                  
815,ZAVDI'EL                 
44,ZOHAR                    
584,ZIQIM                    
788,ZETAN                    
9300,ZIKHRON YA'AQOV          
799,ZEKHARYA                 
1290,ZEMER                    
1065,ZIMRAT                   
816,ZANOAH                   
2064,ZERU'A                   
975,ZARZIR                   
818,ZERAHYA                  
1321,                         
986,KHAWALED                 
235,HAVAZZELET HASHARON      
1110,HEVER                    
3400,                         
717,HAGOR                    
3764,HAGGAI                   
205,HOGLA                    
4026,HAD-NES                  
618,HADID                    
6500,HADERA                   
948,HUJEIRAT (DAHRA)         
160,HULDA                    
6600,HOLON                    
1239,HOLIT                    
253,HULATA                   
662,HOSEN                    
1332,HUSSNIYYA                
115,HOFIT                    
374,HUQOQ                    
1303,HURA                     
496,HURFEISH                 
355,HORESHIM                 
1047,HAZON                    
219,HIBBAT ZIYYON            
3643,HINNANIT                 
4000,HAIFA                    
162,HERUT                    
1272,HALUZ                    
3573,HALLAMISH                
820,HELEZ                    
993,HAMAM                    
801,HEMED                    
343,HAMADYA                  
3646,NAHAL HEMDAT             
3609,HAMRA                    
807,HANNI'EL                 
280,HANITA                   
1257,HANNATON                 
4005,HASPIN                   
363,HAFEZ HAYYIM             
90,HEFZI-BAH                
700,HAZAV                    
13,HAZEVA                   
2034,HAZOR HAGELILIT          
406,HAZOR-ASHDOD             
1409,HAZAR BE'EROTAYIM        
1402,HAZROT HULDA             
1404,HAZROT YASAF             
1405,HAZROT KOAH              
397,HAZERIM                  
422,HEREV LE'ET              
1024,HARUZIM                  
1247,HARISH                   
3717,HERMESH                  
1209,HARASHIM                 
3770,HASHMONA'IM              
6700,TIBERIAS                 
962,TUBA-ZANGARIYYE          
498,TUR'AN                   
2730,TAYIBE                   
497,TAYIBE(BAEMEQ)           
2720,TIRE                     
663,TIRAT YEHUDA             
2100,TIRAT KARMEL             
268,TIRAT ZEVI               
462,TAL SHAHAR               
1181,TAL-EL                   
1177,TELALIM                  
3788,TALMON                   
8900,TAMRA                    
547,TAMRA (YIZRE'EL)         
3743,TENE                     
1214,TEFAHOT                  
1295,YANUH-JAT                
1232,YEVUL                    
46,YAVNE'EL                 
2660,YAVNE                    
96,YAGUR                    
798,YAGEL                    
577,YAD BINYAMIN             
1134,YAD HASHEMONA            
758,YAD HANNA                
358,YAD MORDEKHAY            
775,YAD NATAN                
64,YAD RAMBAM               
1144,YEDIDA                   
9400,YEHUD-MONOSON            
1158,YAHEL                    
2009,YUVAL                    
1226,YUVALIM                  
1112,YODEFAT                  
4007,YONATAN                  
803,YOSHIVYA                 
452,YIZRE'EL                 
409,YEHI'AM                  
866,YOTVATA                  
3607,YITAV                    
811,YAKHINI                  
753,YANUV                    
2011,YINNON                   
29,YESUD HAMA'ALA           
440,YESODOT                  
575,YAS'UR                   
1138,YA'AD                    
1117,YA'EL                    
1044,YE'AF                    
795,YA'ARA                   
499,YAFI                     
3566,YAFIT                    
134,YIF'AT                   
453,YIFTAH                   
3749,YIZHAR                   
759,YAZIZ                    
417,YAQUM                    
3647,YAQIR                    
241,YOQNE'AM(MOSHAVA)        
240,YOQNE'AM ILLIT           
623,YIR'ON                   
2026,YARDENA                  
831,YEROHAM                  
3000,JERUSALEM                
718,YARHIV                   
502,YIRKA                    
183,YARQONA                  
916,YESHA                    
805,YISH'I                   
828,YASHRESH                 
1227,YATED                    
1329,                         
504,KABUL                    
505,KAOKAB ABU AL-HIJA       
576,KABRI                    
371,KADOORIE                 
1338,                         
3564,KOKHAV HASHAHAR          
1224,KOKHAV YA'IR             
3779,KOKHAV YA'AQOV           
824,KOKHAV MIKHA'EL          
1252,KORAZIM                  
1210,KAHAL                    
1367,                         
840,KISSUFIM                 
1153,KISHOR                   
1183,KELIL                    
1229,KALLANIT                 
1331,                         
1291,KEMEHIN                  
1201,KAMMON                   
2006,KANNOT                   
4028,KANAF                    
63,KINNERET(MOSHAVA)        
57,KINNERET(QEVUZA)         
1059,KUSEIFE                  
859,KESALON                  
1296,KISRA-SUMEI              
978,KA'ABIYYE-TABBASH-HA     
857,KEFAR AVIV               
3638,KEFAR ADUMMIM            
364,KEFAR URIYYA             
690,KEFAR AHIM               
220,KEFAR BIALIK             
177,KEFAR BILU               
357,KEFAR BLUM               
2010,KEFAR BIN NUN            
633,KAFAR BARA               
132,KEFAR BARUKH             
106,KEFAR GID'ON             
427,KEFAR GALLIM             
310,KEFAR GLIKSON            
76,KEFAR GIL'ADI            
707,KEFAR DANIYYEL           
3796,KEFAR HAORANIM           
192,KEFAR HAHORESH           
254,KEFAR HAMAKKABI          
582,KEFAR HANAGID            
890,KEFAR HANO'AR HADATI     
443,KEFAR HANASI             
187,KEFAR HESS               
217,KEFAR HARO'E             
888,KEFAR HARIF              
190,KEFAR VITKIN             
320,KEFAR WARBURG            
1263,KEFAR WERADIM            
1325,KEFAR ZOHARIM            
786,KEFAR ZETIM              
696,KEFAR HABAD              
609,KEFAR HOSHEN             
255,KEFAR HITTIM             
193,KEFAR HAYYIM             
1297,KEFAR HANANYA            
112,KEFAR HASIDIM ALEF       
889,KEFAR HASIDIM BET        
4004,KEFAR HARUV              
673,KEFAR TRUMAN             
507,KAFAR YASIF              
233,YEDIDYA                  
140,KEFAR YEHOSHUA           
168,KEFAR YONA               
85,KEFAR YEHEZQEL           
170,KEFAR YA'BEZ             
508,KAFAR KAMA               
509,KAFAR KANNA              
387,KEFAR MONASH             
1095,KEFAR MAYMON             
98,KEFAR MALAL              
510,KAFAR MANDA              
274,KEFAR MENAHEM            
297,KEFAR MASARYK            
512,KAFAR MISR               
764,KEFAR MORDEKHAY          
316,KEFAR NETTER             
345,KEFAR SZOLD              
6900,KEFAR SAVA               
107,KEFAR SILVER             
249,KEFAR SIRKIN             
875,KEFAR AVODA              
845,KEFAR AZZA               
3488,KEFAR EZYON              
189,KEFAR PINES              
634,KAFAR QASEM              
388,KEFAR KISH               
654,KAFAR QARA               
579,KEFAR ROSH HANIQRA       
1130,KEFAR ROZENWALD(ZAR.     
295,KEFAR RUPPIN             
1166,KEFAR RUT                
605,KEFAR SHAMMAY            
743,KEFAR SHEMU'EL           
267,KEFAR SHEMARYAHU         
47,KEFAR TAVOR              
3572,KEFAR TAPPUAH            
38,KARE DESHE               
1285,KARKOM                   
664,KEREM BEN ZIMRA          
88,KEREM BEN SHEMEN         
1094,KEREM YAVNE(YESHIVA)     
580,KEREM MAHARAL            
1085,KEREM SHALOM             
1264,KARME YOSEF              
3766,KARME ZUR                
1374,KARME QATIF              
1139,KARMI'EL                 
768,KARMIYYA                 
1198,KERAMIM                  
3656,KARMEL                   
0,                         
1207,LAVON                    
585,LAVI                     
1230,LIVNIM                   
2023,LAHAV                    
380,LAHAVOT HABASHAN         
715,LAHAVOT HAVIVA           
1271,LEHAVIM                  
7000,LOD                      
52,LUZIT                    
595,LOHAME HAGETA'OT         
1171,LOTEM                    
1255,LOTAN                    
674,LIMAN                    
24,LAKHISH                  
1310,LAPPID                   
1173,LAPPIDOT                 
1060,LAQYE                    
2055,MA'OR                    
102,ME'IR SHEFEYA            
771,MEVO BETAR               
3569,MEVO DOTAN               
3709,MEVO HORON               
4204,MEVO HAMMA               
1141,MEVO MODI'IM             
1318,MEVO'OT YAM              
1080,MABBU'IM                 
829,MIVTAHIM                 
573,MAVQI'IM                 
1015,MEVASSERET ZIYYON        
516,MAJD AL-KURUM            
4201,MAJDAL SHAMS             
481,MUGHAR                   
689,MEGADIM                  
65,MIGDAL                   
874,MIGDAL HAEMEQ            
3561,MIGDAL OZ                
3751,MIGDALIM                 
586,MEGIDDO                  
375,MAGGAL                   
695,MAGEN                    
1155,MAGEN SHA'UL             
722,MAGSHIMIM                
2029,MIDRAKH OZ               
1140,MIDRESHET BEN GURION     
897,MIDRESHET RUPPIN         
3797,MODI'IN ILLIT            
1200,MODI'IN-MAKKABBIM-RE     
269,MOLEDET                  
208,MOZA ILLIT               
635,MUQEIBLE                 
1163,MORAN                    
1178,MORESHET                 
606,MAZOR                    
28,MAZKERET BATYA           
104,MIZRA                    
517,MAZRA'A                  
3599,MEHOLA                   
1411,                         
1418,                         
1413,                         
1416,                         
1415,                         
1196,MAHANE YATTIR            
1414,                         
1417,                         
1412,                         
308,MAHANAYIM                
776,MAHSEYA                  
43,METULA                   
822,MATTA                    
1128,ME AMMI                  
2054,METAV                    
649,MEISER                   
4019,MEZAR                    
1282,MERAV                    
607,MERON                    
731,MESHAR                   
1268,METAR                    
3614,MEKHORA                  
1343,MAKCHUL                  
382,MIKHMORET                
1202,MIKHMANNIM               
164,MELE'A                   
2044,MELILOT                  
596,MALKIYYA                 
1154,MALKISHUA                
2030,MENUHA                   
1174,MANOF                    
1205,MANOT                    
48,MENAHEMYA                
347,MENNARA                  
994,MANSHIYYET ZABDA         
1258,MASSAD                   
263,MASSADA                  
298,MESILLOT                 
742,MESILLAT ZIYYON          
748,MASLUL                   
4203,MAS'ADE                  
939,MAS'UDIN AL-'AZAZME      
197,MA'BAROT                 
1082,MA'GALIM                 
678,MA'AGAN                  
694,MA'AGAN MIKHA'EL         
272,MA'OZ HAYYIM             
3657,MA'ON                    
570,ME'ONA                   
518,MI'ELYA                  
416,MA'YAN BARUKH            
290,MA'YAN ZEVI              
3616,MA'ALE ADUMMIM           
3608,MA'ALE EFRAYIM           
1127,MA'ALE GILBOA            
4008,MA'ALE GAMLA             
286,MA'ALE HAHAMISHA         
3752,MA'ALE LEVONA            
3651,MA'ALE MIKHMAS           
1327,MA'ALE IRON              
3653,MA'ALE AMOS              
3637,MA'ALE SHOMERON          
1063,MA'ALOT-TARSHIHA         
344,MA'ANIT                  
230,MA'AS                    
668,MEFALLESIM               
3745,MEZADOT YEHUDA           
325,MAZZUVA                  
757,MAZLIAH                  
58,MIZPA                    
1222,MIZPE AVIV               
1370,                         
3576,MIZPE YERIHO             
1190,MIZPE NETOFA             
99,MIZPE RAMON              
3610,MIZPE SHALEM             
648,MEZER                    
22,MIQWE YISRA'EL           
843,MARGALIYYOT              
4101,MEROM GOLAN              
1340,                         
97,MERHAVYA(MOSHAV)         
66,MERHAVYA(QIBBUZ)         
1098,MERKAZ SHAPPIRA          
421,MASH'ABBE SADE           
765,MISGAV DOV               
378,MISGAV AM                
520,MESHHED                  
3605,MASSU'A                  
620,MASSUOT YIZHAQ           
3785,MASKIYYOT                
670,MISHMAR AYYALON          
563,MISHMAR DAWID            
732,MISHMAR HAYARDEN         
395,MISHMAR HANEGEV          
130,MISHMAR HAEMEQ           
729,MISHMAR HASHIV'A         
194,MISHMAR HASHARON         
213,MISHMAROT                
425,MISHMERET                
791,MASH'EN                  
1315,MATTAN                   
1184,MATTAT                   
3648,MATTITYAHU               
4551,NE'OT GOLAN              
1124,NE'OT HAKIKKAR           
408,NE'OT MORDEKHAY          
1197,SHIZZAFON                
524,NA'URA                   
396,NEVATIM                  
315,NEGBA                    
3724,                         
309,NEHORA                   
80,NAHALAL                  
9100,NAHARIYYA                
4304,NOV                      
55,NOGAH                    
1366,NAVE                     
926,NEWE AVOT                
590,NEWE UR                  
4303,NEWE ATIV                
405,NEWE ILAN                
296,NEWE ETAN                
3725,NEWE DANIYYEL            
1057,NEWE ZOHAR               
1314,                         
1279,NEWE HARIF               
312,NEWE YAM                 
686,NEWE YAMIN               
858,NEWE YARAQ               
827,NEWE MIVTAH              
1071,NEWE MIKHA'EL            
1259,NEWE SHALOM              
15,NO'AM                    
1333,                         
3790,NOFIM                    
1284,NOFIT                    
257,NOFEKH                   
3726,NOQEDIM                  
447,NORDIYYA                 
833,NURIT                    
59,NEHUSHA                  
844,NAHAL OZ                 
2045,NAHALA                   
3767,NAHALI'EL                
449,NEHALIM                  
809,NAHAM                    
522,NAHEF                    
433,NAHSHOLIM                
777,NAHSHON                  
705,NAHSHONIM                
1147,NETU'A                   
4014,NATUR                    
1369,NETA                     
174,NETA'IM                  
1254,NATAF                    
523,NEIN                     
3655,NILI                     
351,NIZZAN                   
1419,NIZZAN B                 
1195,NIZZANA (QEHILAT HIN     
1280,NIZZANE SINAY            
851,NIZZANE OZ               
359,NIZZANIM                 
808,NIR ELIYYAHU             
553,NIR BANIM                
720,NIR GALLIM               
256,NIR DAWID (TEL AMAL)     
11,NIR HEN                  
165,NIR YAFE                 
402,NIR YIZHAQ               
699,NIR YISRA'EL             
2047,NIR MOSHE                
69,NIR OZ                   
348,NIR AM                   
769,NIR EZYON                
2048,NIR AQIVA                
331,NIR ZEVI                 
602,NIRIM                    
1236,NIRIT                    
3620,NIRAN                    
4035,NIMROD                   
825,NES HARIM                
1143,NES AMMIM                
7200,NES ZIYYONA              
186,NE'URIM                  
3787,NA'ALE                   
3713,NAAMA                    
158,NA'AN                    
1041,NASASRA                  
1372,                         
435,NEZER SERENI             
7300,NAZARETH                 
1061,NAZERAT ILLIT            
2500,NESHER                   
3555,NETIV HAGEDUD            
693,NETIV HALAMED-HE         
1242,NETIV HAASARA            
792,NETIV HASHAYYARA         
246,NETIVOT                  
7400,NETANYA                  
525,SAJUR                    
578,SASA                     
587,SAVYON                   
2046,SEGULA                   
942,SAWA'ID(HAMRIYYE)        
989,SAWA'ID (KAMANE)         
526,SULAM                    
3756,SUSEYA                   
1238,SUFA                     
7500,SAKHNIN                  
1170,SAYYID                   
1245,SALLAMA                  
3567,SAL'IT                   
1156,SAMAR                    
3777,                         
419,SA'AD                    
1360,SA'WA                    
454,SA'AR                    
1176,SAPPIR                   
610,SITRIYYA                 
4501,GHAJAR                   
892,AVDON                    
376,EVRON                    
794,AGUR                     
1199,ADI                      
2035,ADANIM                   
826,UZA                      
528,UZEIR                    
737,OLESH                    
666,OMER                     
810,OFER                     
3617,OFRA                     
32,OZEM                     
957,UQBI (BANU UQBA)         
328,EZUZ                     
1149,EZER                     
837,AZRI'EL                  
711,AZARYA                   
817,AZRIQAM                  
969,ATAWNE                   
3658,ATERET                   
1175,IDDAN                    
530,EILABUN                  
156,AYANOT                   
511,ILUT                     
687,EN AYYALA                
546,EIN AL-ASAD              
273,EN GEV                   
2042,EN GEDI                  
436,EN DOR                   
1240,EN HABESOR               
74,EN HOD                   
167,EN HAHORESH              
289,EN HAMIFRAZ              
383,EN HANAZIV               
367,EN HAEMEQ                
270,EN HASHOFET              
676,EN HASHELOSHA            
157,EN WERED                 
4503,EN ZIWAN                 
1320,                         
1053,EN HAZEVA                
89,EN HAROD (IHUD)          
82,EN HAROD(ME'UHAD)        
806,EN YAHAV                 
813,EN YA'AQOV               
1056,EN KAREM-B.S.HAQLA'I     
426,EN KARMEL                
532,EIN MAHEL                
521,EIN NAQQUBA              
223,EN IRON                  
622,EN ZURIM                 
4502,EIN QINIYYE              
514,EIN RAFA                 
139,EN SHEMER                
880,EN SARID                 
1251,EN TAMAR                 
871,ENAT                     
1187,IR OVOT                  
7600,AKKO                     
1146,ALUMIM                   
3765,ELI                      
3727,ALE ZAHAV                
688,ALMA                     
3715,ALMON                    
1212,AMUQQA                   
779,AMMINADAV                
385,AMMI'AD                  
318,AMMI'OZ                  
773,AMMIQAM                  
319,AMIR                     
3660,IMMANU'EL                
708,AMQA                     
3712,ENAV                     
534,ISIFYA                   
7700,AFULA                    
3778,EZ EFRAYIM               
917,ATSMON-SEGEV             
531,ARRABE                   
1246,ARAMSHA                  
1335,ARRAB AL NAIM            
2560,ARAD                     
593,ARUGOT                   
637,AR'ARA                   
1192,AR'ARA-BANEGEV           
591,ASERET                   
53,ATLIT                    
3748,OTNI'EL                  
1151,PARAN                    
3768,PEDU'EL                  
750,PEDUYIM                  
838,PEDAYA                   
1104,PORIYYA-KEFAR AVODA      
1105,PORIYYA-NEWE OVED        
1313,PORIYYA ILLIT            
537,FUREIDIS                 
767,PORAT                    
749,PATTISH                  
1185,PELEKH                   
597,PALMAHIM                 
3723,PENE HEVER               
3659,PESAGOT                  
535,FASSUTA                  
2059,PA'AME TASHAZ            
3615,PEZA'EL                  
536,PEQI'IN (BUQEI'A)        
281,PEQI'IN HADASHA          
7800,PARDES HANNA-KARKUR      
171,PARDESIYYA               
599,PAROD                    
2053,PERAZON                  
1231,PERI GAN                 
7900,PETAH TIQWA              
839,PETAHYA                  
413,ZE'ELIM                  
1180,ZVIYYA                   
1213,ZIV'ON                   
465,ZOVA                     
1136,ZOHAR                    
1111,ZOFIYYA                  
3791,ZUFIN                    
198,ZOFIT                    
1150,ZOFAR                    
1102,SHOSHANNAT HAAMAQIM(     
1262,MAHANE BILDAD            
1113,ZUR HADASSA              
1345,ZUR YIZHAQ               
276,ZUR MOSHE                
1148,ZUR NATAN                
774,ZURI'EL                  
1221,ZURIT                    
613,ZIPPORI                  
796,ZELAFON                  
636,SANDALA                  
594,ZAFRIYYA                 
1079,ZAFRIRIM                 
8000,ZEFAT                    
612,ZERUFA                   
567,ZOR'A                    
1234,QABBO'A                  
334,QEVUZAT YAVNE            
3557,QEDUMIM                  
195,QADIMA-ZORAN             
392,QEDMA                    
4025,QIDMAT ZEVI              
3781,QEDAR                    
615,QIDRON                   
1211,QADDARIM                 
964,QUDEIRAT AS-SANI         
972,QAWA'IN                  
766,QOMEMIYYUT               
1179,QORANIT                  
1052,QETURA                   
1167,QESARIYYA                
414,QELAHIM                  
3601,QALYA                    
638,QALANSAWE                
4024,QELA                     
1243,QAZIR                    
1347,                         
4100,QAZRIN                   
2620,QIRYAT ONO               
3611,QIRYAT ARBA              
6800,QIRYAT ATTA              
9500,QIRYAT BIALIK            
2630,QIRYAT GAT               
2300,QIRYAT TIV'ON            
9600,QIRYAT YAM               
1137,QIRYAT YE'ARIM           
2039,QIRYAT YE'ARIM(INSTI     
8200,QIRYAT MOTZKIN           
1034,QIRYAT MAL'AKHI          
3746,QIRYAT NETAFIM           
78,QIRYAT ANAVIM            
469,QIRYAT EQRON             
412,QIRYAT SHELOMO           
2800,QIRYAT SHEMONA           
3640,QARNE SHOMERON           
4006,QESHET                   
543,RAME                     
1334,                         
990,RAS ALI                  
2640,ROSH HAAYIN              
26,ROSH PINNA               
3602,ROSH ZURIM               
8300,RISHON LEZIYYON          
3795,REVAVA                   
564,REVADIM                  
354,REVIVIM                  
1225,RAVID                    
390,REGBA                    
444,REGAVIM                  
1161,RAHAT                    
2051,REWAHA                   
2016,REWAYA                   
1341,RUAH MIDBAR              
362,RUHAMA                   
539,RUMMANE                  
997,RUMAT HEIB               
3619,RO'I                     
3782,ROTEM                    
854,REHOV                    
8400,REHOVOT                  
3822,REHELIM                  
540,REIHANIYYE               
3568,REHAN                    
542,REINE                    
3565,RIMMONIM                 
616,RINNATYA                 
922,REKHASIM                 
1069,RAM-ON                   
4702,RAMOT                    
206,RAMOT HASHAVIM           
735,RAMOT ME'IR              
445,RAMOT MENASHE            
372,RAMOT NAFTALI            
8500,RAMLA                    
8600,RAMAT GAN                
135,RAMAT DAWID              
184,RAMAT HAKOVESH           
335,RAMAT HASHOFET           
2650,RAMAT HASHARON           
178,RAMAT YOHANAN            
122,RAMAT YISHAY             
4701,RAMAT MAGSHIMIM          
339,RAMAT ZEVI               
460,RAMAT RAZI'EL            
127,RAMAT RAHEL              
789,RANNEN                   
713,RE'IM                    
8700,RA'ANANA                 
1228,RAQEFET                  
247,RISHPON                  
437,RESHAFIM                 
1260,RETAMIM                  
324,SHE'AR YASHUV            
1377,SHAVE DAROM              
282,SHAVE ZIYYON             
3571,SHAVE SHOMERON           
913,SHIBLI                   
1286,SEGEV-SHALOM             
721,SEDE ILAN                
304,SEDE ELIYYAHU            
861,SEDE ELI'EZER            
885,SEDE BOQER               
36,SEDE DAWID               
284,SEDE WARBURG             
293,SEDE YO'AV               
142,SEDE YA'AQOV             
2008,SEDE YIZHAQ              
18,SEDE MOSHE               
259,SEDE NAHUM               
329,SEDE NEHEMYA             
1058,SEDE NIZZAN              
739,SEDE UZZIYYAHU           
2049,SEDE ZEVI                
327,SEDOT YAM                
27,SEDOT MIKHA              
1223,SEDE AVRAHAM             
2015,SEDE HEMED               
2057,SEDE TERUMOT             
555,SHEDEMA                  
306,SHADMOT DEVORA           
3578,SHADMOT MEHOLA           
1031,SEDEROT                  
741,SHO'EVA                  
761,SHUVA                    
394,SHOVAL                   
1304,SHOHAM                   
614,SHOMERA                  
1265,SHOMERIYYA               
415,SHOQEDA                  
456,SHORESH                  
1235,SHORASHIM                
224,SHOSHANNAT HAAMAQIM      
527,SHEZOR                   
7,SHAHAR                   
1266,SHAHARUT                 
865,SHIBBOLIM                
1267,NAHAL SHITTIM            
658,SHEIKH DANNUN            
3641,SHILO                    
1165,SHILAT                   
1160,SHEKHANYA                
873,SHALWA                   
1373,SHALVA BAMIDBAR          
439,SHELUHOT                 
812,SHELOMI                  
1364,                         
366,SHAMIR                   
3784,SHIM'A                   
432,SHAMERAT                 
1337,                         
1287,SHANI                    
1132,SENIR                    
538,SHA'AB                   
1299,SE'ORIM                  
4009,SHA'AL                   
856,SHA'ALVIM                
661,SHA'AR EFRAYIM           
264,SHA'AR HAGOLAN           
237,SHA'AR HAAMAQIM          
921,SHA'AR MENASHE           
3720,SHA'ARE TIQWA            
232,SHEFAYIM                 
692,SHAFIR                   
846,SHEFER                   
8800,SHEFAR'AM                
3649,SHAQED                   
1233,SHEQEF                   
292,SHARONA                  
1114,LI-ON                    
126,SARID                    
398,SHARSHERET               
1045,SHETULA                  
763,SHETULIM                 
2062,TE'ASHUR                 
2061,TIDHAR                   
1172,TUVAL                    
3558,TOMER                    
1083,TUSHIYYA                 
163,TIMMORIM                 
10,TIROSH                   
5000,TEL AVIV - YAFO          
84,TEL YOSEF                
287,TEL YIZHAQ               
154,TEL MOND                 
103,TEL ADASHIM              
719,TEL QAZIR                
1054,TEL SHEVA                
1283,TEL TE'OMIM              
3719,TELEM                    
1051,TALME ELIYYAHU           
2003,TALME EL'AZAR            
2050,TALME BILU               
1237,TALME YOSEF              
727,TALME YEHI'EL            
744,TALME YAFE               
814,TELAMIM                  
1244,TIMRAT                   
2002,TENUVOT                  
752,TA'OZ                    
709,TIFRAH                   
665,TEQUMA                   
3563,TEQOA                    
970,TARABIN AS-SANI          
1346,                         
778,TARUM                    